{
    "age": {
        "Under 40": 0.4222222222222222,
        "40-59": 0.583756345177665,
        "60+": 0.75
    },
    "sex": {
        "Male": 0.75,
        "Female": 0.4492753623188406
    },
    "cp": {
        "Typical angina": 0.2727272727272727,
        "Atypical angina": 0.82,
        "Non-anginal pain": 0.7931034482758621,
        "Asymptomatic": 0.6956521739130435
    },
    "trestbps": {
        "Under 100": 0.5267489711934157,
        "100-109": 0.525,
        "110-119": 0.7777777777777779,
        "120+": 1.0
    },
    "chol": {
        "Under 200": 0.49032258064516127,
        "200-239": 0.6020408163265306,
        "240+": 0.6
    },
    "fbs": {
        "Yes": 0.5503875968992248,
        "No": 0.5111111111111111
    },
    "restecg": {
        "Left ventricular hypertrophy": 0.4625850340136054,
        "ST-T wave abnormality": 0.631578947368421,
        "Normal": 0.25
    },
    "thalach": {
        "Above 140": 0.125,
        "121-140": 0.20689655172413793,
        "100-120": 0.35185185185185186,
        "Less than 100": 0.6556603773584907
    },
    "exang": {
        "Yes": 0.696078431372549,
        "No": 0.23232323232323232
    },
    "oldpeak": {
        "Less than 1 mm": 0.12,
        "1-2 mm": 0.17647058823529413,
        "2-3 mm": 0.4615384615384615,
        "More than 3 mm": 0.7228915662650602
    },
    "slope": {
        "Upsloping": 0.42857142857142855,
        "Flat": 0.35,
        "Downsloping": 0.7535211267605634
    },
    "ca": {
        "3 Major Vessels": 0.7428571428571429,
        "2 Major Vessels": 0.32307692307692304,
        "1 Major Vessels": 0.18421052631578946,
        "0 Major Vessels": 0.15
    },
    "thal": {
        "Normal": 0.5,
        "Fixed defect": 0.33333333333333326,
        "Reversible defect": 0.7831325301204819
    }
}